[
  {
    "tribe_Id": 2872,
    "name": "%3F%3F%3F%3F",
    "tag": "%3F%3F%3F",
    "memberCount": 1,
    "villageCount": 0,
    "points": 3103,
    "allPoints": 3103,
    "rank": 103
  },
  {
    "tribe_Id": 3156,
    "name": "%7EThe+Chamber%7E",
    "tag": "TC",
    "memberCount": 1,
    "villageCount": 0,
    "points": 4032,
    "allPoints": 4032,
    "rank": 88
  },
  {
    "tribe_Id": 3221,
    "name": ".mmm",
    "tag": ".mmm",
    "memberCount": 2,
    "villageCount": 2,
    "points": 7599,
    "allPoints": 7599,
    "rank": 65
  }
]
